{
  "model": "DeepSeek-V4-Flash",
  "N_min": 1000000,
  "N_max": 2000000,
  "random_seed": 20260721,
  "sampled_recovery_common_N": 32768,
  "exact_validation_N": 1000001,
  "max_gap": 8192,
  "equal_gap_candidate_count": 8171,
  "equal_gap_sampled_pareto_points": 1636,
  "equal_gap_optimal_split": 42,
  "equal_gap_optimal_split_reason": "C(l,g,g)=l*mean(N mod g)+(L-l)*g-sum_k mean((N mod g-kd)_+), so it decreases with l",
  "verified_reduction_gaps": [
    1,
    21,
    43,
    85,
    169,
    341,
    678,
    1351,
    2747,
    6118,
    8192
  ],
  "representative_exact_penalty_percent": {
    "min": 0.0,
    "median": 1.1668840366352295,
    "max": 14.245590736329671,
    "equal_better_point_count": 0,
    "equal_match_point_count": 2
  },
  "runtime_seconds": {
    "sampled_equal_gap_exhaustive": 3.8938137909972284,
    "exact_equal_gap_exhaustive": 0.5739895420010726,
    "total": 4.822545250000985
  },
  "representative_points": [
    {
      "nominal_storage_limit_gib": 4.0,
      "comparison_storage_cap_gib": 3.540612059671324,
      "dual_storage_gib": 3.540612059671324,
      "dual_sampled_recovery": 75989.9232788086,
      "dual_exact_recovery": 76212.27762372237,
      "dual_g1": 6115,
      "dual_g2": 6118,
      "dual_l": 37,
      "equal_sampled_g": 6139,
      "equal_sampled_storage_gib": 3.5270634902253137,
      "equal_sampled_recovery": 86746.14624023438,
      "sampled_penalty_percent": 14.154801712273567,
      "equal_exact_g": 6127,
      "equal_exact_storage_gib": 3.5339574888030216,
      "equal_exact_recovery": 87069.16678483321,
      "exact_penalty_percent": 14.245590736329671
    },
    {
      "nominal_storage_limit_gib": 8.0,
      "comparison_storage_cap_gib": 7.875971319518921,
      "dual_storage_gib": 7.875971319518921,
      "dual_sampled_recovery": 47684.80603027344,
      "dual_exact_recovery": 47757.07258492742,
      "dual_g1": 2746,
      "dual_g2": 2747,
      "dual_l": 39,
      "equal_sampled_g": 2748,
      "equal_sampled_storage_gib": 7.870524795429317,
      "equal_sampled_recovery": 51066.730041503906,
      "sampled_penalty_percent": 7.092246551421599,
      "equal_exact_g": 2747,
      "equal_exact_storage_gib": 7.873386538660013,
      "equal_exact_recovery": 51187.4303025697,
      "exact_penalty_percent": 7.182931306231155
    },
    {
      "nominal_storage_limit_gib": 16.0,
      "comparison_storage_cap_gib": 15.996321267824943,
      "dual_storage_gib": 15.996321267824943,
      "dual_sampled_recovery": 27001.92202758789,
      "dual_exact_recovery": 27091.77561922438,
      "dual_g1": 1351,
      "dual_g2": 1396,
      "dual_l": 42,
      "equal_sampled_g": 1353,
      "equal_sampled_storage_gib": 15.977938934698658,
      "equal_sampled_recovery": 27598.338958740234,
      "sampled_penalty_percent": 2.208794361160016,
      "equal_exact_g": 1352,
      "equal_exact_storage_gib": 15.989750700472516,
      "equal_exact_recovery": 27654.470314529684,
      "exact_penalty_percent": 2.0769945211934093
    },
    {
      "nominal_storage_limit_gib": 32.0,
      "comparison_storage_cap_gib": 31.92460327010544,
      "dual_storage_gib": 31.92460327010544,
      "dual_sampled_recovery": 14168.005828857422,
      "dual_exact_recovery": 14196.27093972906,
      "dual_g1": 677,
      "dual_g2": 678,
      "dual_l": 42,
      "equal_sampled_g": 678,
      "equal_sampled_storage_gib": 31.878007006111194,
      "equal_sampled_recovery": 14480.357360839844,
      "sampled_penalty_percent": 2.2046259420898107,
      "equal_exact_g": 678,
      "equal_exact_storage_gib": 31.878007006111194,
      "equal_exact_recovery": 14451.385185614814,
      "exact_penalty_percent": 1.7970511197543004
    },
    {
      "nominal_storage_limit_gib": 64.0,
      "comparison_storage_cap_gib": 63.93165631702713,
      "dual_storage_gib": 63.93165631702713,
      "dual_sampled_recovery": 7295.351348876953,
      "dual_exact_recovery": 7275.405133594866,
      "dual_g1": 338,
      "dual_g2": 341,
      "dual_l": 42,
      "equal_sampled_g": 341,
      "equal_sampled_storage_gib": 63.374959204937014,
      "equal_sampled_recovery": 7377.204742431641,
      "sampled_penalty_percent": 1.1219938511146221,
      "equal_exact_g": 339,
      "equal_exact_storage_gib": 63.748810855196744,
      "equal_exact_recovery": 7360.300674699325,
      "exact_penalty_percent": 1.1668840366352295
    },
    {
      "nominal_storage_limit_gib": 128.0,
      "comparison_storage_cap_gib": 127.85991377559586,
      "dual_storage_gib": 127.85991377559586,
      "dual_sampled_recovery": 3687.5701293945312,
      "dual_exact_recovery": 3687.5130724869277,
      "dual_g1": 169,
      "dual_g2": 170,
      "dual_l": 42,
      "equal_sampled_g": 171,
      "equal_sampled_storage_gib": 126.37214473587079,
      "equal_sampled_recovery": 3734.3936462402344,
      "sampled_penalty_percent": 1.2697661388742176,
      "equal_exact_g": 170,
      "equal_exact_storage_gib": 127.11546785714249,
      "equal_exact_recovery": 3713.70265029735,
      "exact_penalty_percent": 0.7102233211273568
    },
    {
      "nominal_storage_limit_gib": 256.0,
      "comparison_storage_cap_gib": 254.2237329750216,
      "dual_storage_gib": 254.2237329750216,
      "dual_sampled_recovery": 1855.1100463867188,
      "dual_exact_recovery": 1848.994456005544,
      "dual_g1": 85,
      "dual_g2": 85,
      "dual_l": 42,
      "equal_sampled_g": 85,
      "equal_sampled_storage_gib": 254.2237329750216,
      "equal_sampled_recovery": 1855.1100463867188,
      "sampled_penalty_percent": -1.7688073228327994e-10,
      "equal_exact_g": 85,
      "equal_exact_storage_gib": 254.2237329750216,
      "equal_exact_recovery": 1848.994456005544,
      "exact_penalty_percent": 0.0
    },
    {
      "nominal_storage_limit_gib": 512.0,
      "comparison_storage_cap_gib": 502.5282508013223,
      "dual_storage_gib": 502.5282508013223,
      "dual_sampled_recovery": 925.3960571289062,
      "dual_exact_recovery": 924.99706000294,
      "dual_g1": 43,
      "dual_g2": 43,
      "dual_l": 42,
      "equal_sampled_g": 43,
      "equal_sampled_storage_gib": 502.5282508013224,
      "equal_sampled_recovery": 925.3960571289062,
      "sampled_penalty_percent": -1.1819434320159417e-10,
      "equal_exact_g": 43,
      "equal_exact_storage_gib": 502.5282508013224,
      "equal_exact_recovery": 924.99706000294,
      "exact_penalty_percent": 0.0
    },
    {
      "nominal_storage_limit_gib": 1024.0,
      "comparison_storage_cap_gib": 1022.6756833978515,
      "dual_storage_gib": 1022.6756833978515,
      "dual_sampled_recovery": 458.6456298828125,
      "dual_exact_recovery": 457.999303000697,
      "dual_g1": 21,
      "dual_g2": 24,
      "dual_l": 41,
      "equal_sampled_g": 22,
      "equal_sampled_storage_gib": 982.2074329127283,
      "equal_sampled_recovery": 462.27069091796875,
      "sampled_penalty_percent": 0.7903838610469727,
      "equal_exact_g": 22,
      "equal_exact_storage_gib": 982.2074329127283,
      "equal_exact_recovery": 463.001322998677,
      "exact_penalty_percent": 1.0921457664254008
    }
  ]
}
