{
  "model": "DeepSeek-V4-Flash",
  "layer_order": "input_to_output",
  "split_definition": "layers_1_through_l_use_g2; layers_l_plus_1_through_L_use_g1",
  "split_depth": "larger_l_is_deeper_and_closer_to_output",
  "g1_side": "near_output",
  "g2_side": "far_from_output",
  "N_min": 1000000,
  "N_max": 2000000,
  "random_seed": 20260721,
  "sampled_recovery_common_N": 32768,
  "exact_validation_N": 1000001,
  "max_gap": 8192,
  "equal_gap_candidate_count": 8171,
  "equal_gap_sampled_pareto_points": 1565,
  "equal_gap_representative_split": 42,
  "equal_gap_split_invariant": true,
  "equal_gap_split_reason": "C(N,l,g,g)=L*(N mod g)-T_L(N mod g), independent of l",
  "verified_reduction_gaps": [
    1,
    21,
    43,
    85,
    169,
    341,
    678,
    1351,
    2747,
    6118,
    8192
  ],
  "representative_exact_penalty_percent": {
    "min": 0.5196405972536455,
    "median": 2.409634083302703,
    "max": 4.623781916661307,
    "equal_better_point_count": 0,
    "equal_match_point_count": 0
  },
  "runtime_seconds": {
    "sampled_equal_gap_exhaustive": 7.449060708000616,
    "exact_equal_gap_exhaustive": 1.0816103749966715,
    "total": 9.12391487500281
  },
  "representative_points": [
    {
      "nominal_storage_limit_gib": 4.0,
      "comparison_storage_cap_gib": 3.9973923655614167,
      "dual_storage_gib": 3.9973923655614167,
      "dual_sampled_recovery": 78383.50701904297,
      "dual_exact_recovery": 78865.75632224367,
      "dual_g1": 5150,
      "dual_g2": 7725,
      "dual_l": 6,
      "equal_sampled_g": 5416,
      "equal_sampled_storage_gib": 3.9969366485667535,
      "equal_sampled_recovery": 79065.45230102539,
      "sampled_penalty_percent": 0.8700111897516072,
      "equal_exact_g": 5416,
      "equal_exact_storage_gib": 3.9969366485667535,
      "equal_exact_recovery": 79275.57480942519,
      "exact_penalty_percent": 0.5196405972536455
    },
    {
      "nominal_storage_limit_gib": 8.0,
      "comparison_storage_cap_gib": 7.910903897338423,
      "dual_storage_gib": 7.910903897338423,
      "dual_sampled_recovery": 47087.76071166992,
      "dual_exact_recovery": 47425.75622424378,
      "dual_g1": 2466,
      "dual_g2": 7398,
      "dual_l": 6,
      "equal_sampled_g": 2739,
      "equal_sampled_storage_gib": 7.896362639606857,
      "equal_sampled_recovery": 49419.15197753906,
      "sampled_penalty_percent": 4.951161895645773,
      "equal_exact_g": 2734,
      "equal_exact_storage_gib": 7.910790504426418,
      "equal_exact_recovery": 49618.61976438024,
      "exact_penalty_percent": 4.623781916661307
    },
    {
      "nominal_storage_limit_gib": 16.0,
      "comparison_storage_cap_gib": 15.985439900987977,
      "dual_storage_gib": 15.985439900987977,
      "dual_sampled_recovery": 26129.159057617188,
      "dual_exact_recovery": 26209.09576890423,
      "dual_g1": 1264,
      "dual_g2": 3792,
      "dual_l": 4,
      "equal_sampled_g": 1353,
      "equal_sampled_storage_gib": 15.977938934698658,
      "equal_sampled_recovery": 26919.461853027344,
      "sampled_penalty_percent": 3.024600958892587,
      "equal_exact_g": 1353,
      "equal_exact_storage_gib": 15.977938934698658,
      "equal_exact_recovery": 26993.16458883541,
      "exact_penalty_percent": 2.9915905029483714
    },
    {
      "nominal_storage_limit_gib": 32.0,
      "comparison_storage_cap_gib": 31.998463962192083,
      "dual_storage_gib": 31.998463962192083,
      "dual_sampled_recovery": 13835.41098022461,
      "dual_exact_recovery": 13864.721556278444,
      "dual_g1": 647,
      "dual_g2": 4602,
      "dual_l": 2,
      "equal_sampled_g": 677,
      "equal_sampled_storage_gib": 31.925083607815537,
      "equal_sampled_recovery": 14062.539093017578,
      "sampled_penalty_percent": 1.641643411404936,
      "equal_exact_g": 676,
      "equal_exact_storage_gib": 31.972299237905364,
      "equal_exact_recovery": 14072.131265868735,
      "exact_penalty_percent": 1.4959529388916426
    },
    {
      "nominal_storage_limit_gib": 64.0,
      "comparison_storage_cap_gib": 63.801405471832716,
      "dual_storage_gib": 63.801405471832716,
      "dual_sampled_recovery": 7119.749267578125,
      "dual_exact_recovery": 7132.921363078637,
      "dual_g1": 171,
      "dual_g2": 342,
      "dual_l": 41,
      "equal_sampled_g": 341,
      "equal_sampled_storage_gib": 63.374959204937014,
      "equal_sampled_recovery": 7205.569030761719,
      "sampled_penalty_percent": 1.2053762001493773,
      "equal_exact_g": 339,
      "equal_exact_storage_gib": 63.748810855196744,
      "equal_exact_recovery": 7190.29601970398,
      "exact_penalty_percent": 0.8043640705521549
    },
    {
      "nominal_storage_limit_gib": 128.0,
      "comparison_storage_cap_gib": 126.66292017059786,
      "dual_storage_gib": 126.66292017059786,
      "dual_sampled_recovery": 3576.193328857422,
      "dual_exact_recovery": 3588.95009004991,
      "dual_g1": 87,
      "dual_g2": 174,
      "dual_l": 40,
      "equal_sampled_g": 171,
      "equal_sampled_storage_gib": 126.37214473587079,
      "equal_sampled_recovery": 3648.368377685547,
      "sampled_penalty_percent": 2.018208809996147,
      "equal_exact_g": 171,
      "equal_exact_storage_gib": 126.37214473587079,
      "equal_exact_recovery": 3649.4457475542526,
      "exact_penalty_percent": 1.6856087709902212
    },
    {
      "nominal_storage_limit_gib": 256.0,
      "comparison_storage_cap_gib": 253.7004272164267,
      "dual_storage_gib": 253.7004272164267,
      "dual_sampled_recovery": 1777.9111633300781,
      "dual_exact_recovery": 1784.4908195091805,
      "dual_g1": 43,
      "dual_g2": 86,
      "dual_l": 41,
      "equal_sampled_g": 86,
      "equal_sampled_storage_gib": 251.26772682791528,
      "equal_sampled_recovery": 1820.5699768066406,
      "sampled_penalty_percent": 2.3993782342162318,
      "equal_exact_g": 86,
      "equal_exact_storage_gib": 251.26772682791528,
      "equal_exact_recovery": 1827.4905185094815,
      "exact_penalty_percent": 2.409634083302703
    },
    {
      "nominal_storage_limit_gib": 512.0,
      "comparison_storage_cap_gib": 500.8729938207271,
      "dual_storage_gib": 500.8729938207271,
      "dual_sampled_recovery": 891.8812561035156,
      "dual_exact_recovery": 891.4982745017255,
      "dual_g1": 22,
      "dual_g2": 44,
      "dual_l": 40,
      "equal_sampled_g": 44,
      "equal_sampled_storage_gib": 491.107317890821,
      "equal_sampled_recovery": 924.9658508300781,
      "sampled_penalty_percent": 3.709529099731257,
      "equal_exact_g": 44,
      "equal_exact_storage_gib": 491.107317890821,
      "equal_exact_recovery": 924.4980435019565,
      "exact_penalty_percent": 3.7016077253402724
    },
    {
      "nominal_storage_limit_gib": 1024.0,
      "comparison_storage_cap_gib": 1001.7387847751187,
      "dual_storage_gib": 1001.7387847751187,
      "dual_sampled_recovery": 434.2855529785156,
      "dual_exact_recovery": 435.001238998761,
      "dual_g1": 11,
      "dual_g2": 22,
      "dual_l": 40,
      "equal_sampled_g": 22,
      "equal_sampled_storage_gib": 982.2074329127283,
      "equal_sampled_recovery": 450.7533264160156,
      "sampled_penalty_percent": 3.7919229232969753,
      "equal_exact_g": 22,
      "equal_exact_storage_gib": 982.2074329127283,
      "equal_exact_recovery": 451.5013544986455,
      "exact_penalty_percent": 3.793119196134409
    }
  ]
}
